iter	Logloss
0	0.23844628
1	0.2356855287
2	0.2344820869
3	0.2333216232
4	0.2320634487
5	0.2317284657
6	0.231257372
7	0.2309418096
8	0.2304805563
9	0.230080752
